"Path","Exists","FileCount","IsEmpty"
"d:\zenpay-V2\ZenoPay\views\admin\admins","True","1","False"
"d:\zenpay-V2\ZenoPay\views\admin\analytics","True","4","False"
"d:\zenpay-V2\ZenoPay\views\admin\announcements","True","1","False"
"d:\zenpay-V2\ZenoPay\views\admin\audit-logs","True","1","False"
"d:\zenpay-V2\ZenoPay\views\admin\banks","True","10","False"
"d:\zenpay-V2\ZenoPay\views\admin\blog","True","6","False"
"d:\zenpay-V2\ZenoPay\views\admin\kyc","True","4","False"
"d:\zenpay-V2\ZenoPay\views\admin\layouts","True","2","False"
"d:\zenpay-V2\ZenoPay\views\admin\merchants","True","12","False"
"d:\zenpay-V2\ZenoPay\views\admin\notifications","True","1","False"
"d:\zenpay-V2\ZenoPay\views\admin\privacy-policy","True","1","False"
"d:\zenpay-V2\ZenoPay\views\admin\profile","True","1","False"
"d:\zenpay-V2\ZenoPay\views\admin\refunds","True","2","False"
"d:\zenpay-V2\ZenoPay\views\admin\reports","True","1","False"
"d:\zenpay-V2\ZenoPay\views\admin\settings","True","7","False"
"d:\zenpay-V2\ZenoPay\views\admin\support","True","4","False"
"d:\zenpay-V2\ZenoPay\views\admin\transactions","True","13","False"
"d:\zenpay-V2\ZenoPay\views\admin\users","True","4","False"
"d:\zenpay-V2\ZenoPay\views\admin\wallets","True","2","False"
