"Path","Referenced","RefCount","RefPaths"
"D:\zenpay-V2\ZenoPay\Admin\Views","True","23","D:\zenpay-V2\ZenoPay\Admin\Controllers\AdminTransactionController.js | D:\zenpay-V2\ZenoPay\Controllers\AdminBlogController.js | D:\zenpay-V2\ZenoPay\Controllers\BlogController.js | D:\zenpay-V2\ZenoPay\Controllers\SupportController.js | D:\zenpay-V2\ZenoPay\Models\BlogAnalytics.js | D:\zenpay-V2\ZenoPay\Models\Product.js | D:\zenpay-V2\ZenoPay\public\js\kyc-verification.js | D:\zenpay-V2\ZenoPay\public\js\statements.js"
"D:\zenpay-V2\ZenoPay\Admin\Public\css","True","105","D:\zenpay-V2\ZenoPay\Controllers\admin\adminMerchantController.js | D:\zenpay-V2\ZenoPay\Models\BlogAnalytics.js | D:\zenpay-V2\ZenoPay\public\js\admin\header.js | D:\zenpay-V2\ZenoPay\public\js\admin\merchant-verification.js | D:\zenpay-V2\ZenoPay\public\js\admin-auth.js | D:\zenpay-V2\ZenoPay\public\js\admin-dashboard.js | D:\zenpay-V2\ZenoPay\public\js\api-integration.js | D:\zenpay-V2\ZenoPay\public\js\confirmation.js"
"D:\zenpay-V2\ZenoPay\Admin\Public\images","True","35","D:\zenpay-V2\ZenoPay\Controllers\BlogController.js | D:\zenpay-V2\ZenoPay\Models\Cart.js | D:\zenpay-V2\ZenoPay\Models\OrderItem.js | D:\zenpay-V2\ZenoPay\Models\Product.js | D:\zenpay-V2\ZenoPay\public\js\admin\banks.js | D:\zenpay-V2\ZenoPay\public\js\admin\merchant-details.js | D:\zenpay-V2\ZenoPay\public\js\admin\merchants-pending.js | D:\zenpay-V2\ZenoPay\public\js\dashboard.js"
"D:\zenpay-V2\ZenoPay\Admin\Views\admin","True","174","D:\zenpay-V2\ZenoPay\Admin\Controllers\AdminAuthController.js | D:\zenpay-V2\ZenoPay\Admin\Controllers\AdminBankController.js | D:\zenpay-V2\ZenoPay\Admin\Controllers\AdminDashboardController.js | D:\zenpay-V2\ZenoPay\Admin\Controllers\AdminKYCController.js | D:\zenpay-V2\ZenoPay\Admin\Controllers\AdminMerchantController.js | D:\zenpay-V2\ZenoPay\Admin\Controllers\AdminOperationsController.js | D:\zenpay-V2\ZenoPay\Admin\Controllers\AdminPaymentGatewayController.js | D:\zenpay-V2\ZenoPay\Admin\Controllers\AdminPrivacyPolicyController.js"
"D:\zenpay-V2\ZenoPay\Admin\Views\analytics","True","39","D:\zenpay-V2\ZenoPay\Admin\Controllers\AdminDashboardController.js | D:\zenpay-V2\ZenoPay\Admin\Controllers\AdminOperationsController.js | D:\zenpay-V2\ZenoPay\Admin\Controllers\AdminPrivacyPolicyController.js | D:\zenpay-V2\ZenoPay\Admin\Middleware\rbacMiddleware.js | D:\zenpay-V2\ZenoPay\Admin\Routes\adminRoutes.js | D:\zenpay-V2\ZenoPay\Controllers\AdminBlogController.js | D:\zenpay-V2\ZenoPay\Controllers\BlogController.js | D:\zenpay-V2\ZenoPay\Controllers\ReferralController.js"
"D:\zenpay-V2\ZenoPay\Admin\Views\auth","True","89","D:\zenpay-V2\ZenoPay\Admin\Controllers\AdminAuthController.js | D:\zenpay-V2\ZenoPay\Admin\Middleware\adminAuth.js | D:\zenpay-V2\ZenoPay\Admin\Middleware\rbacMiddleware.js | D:\zenpay-V2\ZenoPay\Admin\Routes\adminRoutes.js | D:\zenpay-V2\ZenoPay\Controllers\admin\adminAuditController.js | D:\zenpay-V2\ZenoPay\Controllers\admin\adminProfileController.js | D:\zenpay-V2\ZenoPay\Controllers\AdminBlogController.js | D:\zenpay-V2\ZenoPay\Controllers\BlogController.js"
"D:\zenpay-V2\ZenoPay\Admin\Views\banks","True","42","D:\zenpay-V2\ZenoPay\Admin\Controllers\AdminBankController.js | D:\zenpay-V2\ZenoPay\Admin\Controllers\AdminDashboardController.js | D:\zenpay-V2\ZenoPay\Admin\Middleware\rbacMiddleware.js | D:\zenpay-V2\ZenoPay\Admin\Routes\adminRoutes.js | D:\zenpay-V2\ZenoPay\Controllers\admin\adminBankController.js | D:\zenpay-V2\ZenoPay\Controllers\admin\adminMerchantController.js | D:\zenpay-V2\ZenoPay\Controllers\BankAccountController.js | D:\zenpay-V2\ZenoPay\Controllers\BankController.js"
"D:\zenpay-V2\ZenoPay\Admin\Views\dashboard","True","99","D:\zenpay-V2\ZenoPay\Admin\Controllers\AdminAuthController.js | D:\zenpay-V2\ZenoPay\Admin\Controllers\AdminDashboardController.js | D:\zenpay-V2\ZenoPay\Admin\Controllers\AdminOperationsController.js | D:\zenpay-V2\ZenoPay\Admin\Controllers\AdminPrivacyPolicyController.js | D:\zenpay-V2\ZenoPay\Admin\Controllers\AdminUserController.js | D:\zenpay-V2\ZenoPay\Admin\Middleware\adminAuth.js | D:\zenpay-V2\ZenoPay\Admin\Middleware\rbacMiddleware.js | D:\zenpay-V2\ZenoPay\Admin\Routes\adminRoutes.js"
"D:\zenpay-V2\ZenoPay\Admin\Views\merchants","True","46","D:\zenpay-V2\ZenoPay\Admin\Controllers\AdminDashboardController.js | D:\zenpay-V2\ZenoPay\Admin\Controllers\AdminMerchantController.js | D:\zenpay-V2\ZenoPay\Admin\Controllers\AdminUserController.js | D:\zenpay-V2\ZenoPay\Admin\Middleware\rbacMiddleware.js | D:\zenpay-V2\ZenoPay\Admin\Routes\adminRoutes.js | D:\zenpay-V2\ZenoPay\Controllers\admin\adminMerchantController.js | D:\zenpay-V2\ZenoPay\Controllers\MerchantController.js | D:\zenpay-V2\ZenoPay\Merchant\Controllers\MerchantController.js"
"D:\zenpay-V2\ZenoPay\Admin\Views\partials","True","70","D:\zenpay-V2\ZenoPay\views\admin\layouts\admin-layout.ejs | D:\zenpay-V2\ZenoPay\views\blog\author.ejs | D:\zenpay-V2\ZenoPay\views\blog\blog-index.ejs | D:\zenpay-V2\ZenoPay\views\blog\category.ejs | D:\zenpay-V2\ZenoPay\views\blog\newsletter-confirm.ejs | D:\zenpay-V2\ZenoPay\views\blog\newsletter-subscribe.ejs | D:\zenpay-V2\ZenoPay\views\blog\newsletter-unsubscribe.ejs | D:\zenpay-V2\ZenoPay\views\blog\search.ejs"
"D:\zenpay-V2\ZenoPay\Admin\Views\settings","True","71","D:\zenpay-V2\ZenoPay\Admin\Controllers\AdminDashboardController.js | D:\zenpay-V2\ZenoPay\Admin\Controllers\AdminOperationsController.js | D:\zenpay-V2\ZenoPay\Admin\Controllers\AdminPaymentGatewayController.js | D:\zenpay-V2\ZenoPay\Admin\Middleware\rbacMiddleware.js | D:\zenpay-V2\ZenoPay\Admin\Routes\adminRoutes.js | D:\zenpay-V2\ZenoPay\Controllers\admin\adminAuditController.js | D:\zenpay-V2\ZenoPay\Controllers\admin\adminSettingsController.js | D:\zenpay-V2\ZenoPay\Controllers\MerchantController.js"
"D:\zenpay-V2\ZenoPay\Admin\Views\transactions","True","114","D:\zenpay-V2\ZenoPay\Admin\Controllers\AdminDashboardController.js | D:\zenpay-V2\ZenoPay\Admin\Controllers\AdminKYCController.js | D:\zenpay-V2\ZenoPay\Admin\Controllers\AdminMerchantController.js | D:\zenpay-V2\ZenoPay\Admin\Controllers\AdminOperationsController.js | D:\zenpay-V2\ZenoPay\Admin\Controllers\AdminTransactionController.js | D:\zenpay-V2\ZenoPay\Admin\Controllers\AdminUserController.js | D:\zenpay-V2\ZenoPay\Admin\Controllers\AdminWalletController.js | D:\zenpay-V2\ZenoPay\Admin\Middleware\rbacMiddleware.js"
"D:\zenpay-V2\ZenoPay\public\Images\admin","True","174","D:\zenpay-V2\ZenoPay\Admin\Controllers\AdminAuthController.js | D:\zenpay-V2\ZenoPay\Admin\Controllers\AdminBankController.js | D:\zenpay-V2\ZenoPay\Admin\Controllers\AdminDashboardController.js | D:\zenpay-V2\ZenoPay\Admin\Controllers\AdminKYCController.js | D:\zenpay-V2\ZenoPay\Admin\Controllers\AdminMerchantController.js | D:\zenpay-V2\ZenoPay\Admin\Controllers\AdminOperationsController.js | D:\zenpay-V2\ZenoPay\Admin\Controllers\AdminPaymentGatewayController.js | D:\zenpay-V2\ZenoPay\Admin\Controllers\AdminPrivacyPolicyController.js"
"D:\zenpay-V2\ZenoPay\public\Uploads\contact-attachments","True","1","D:\zenpay-V2\ZenoPay\Controllers\ContactController.js"
"D:\zenpay-V2\ZenoPay\public\Uploads\receipts","True","17","D:\zenpay-V2\ZenoPay\Controllers\ReceiptsController.js | D:\zenpay-V2\ZenoPay\Models\Receipt.js | D:\zenpay-V2\ZenoPay\Models\schema-index-best-practices.js | D:\zenpay-V2\ZenoPay\public\js\receipts.js | D:\zenpay-V2\ZenoPay\Routes\apiRoutes.js | D:\zenpay-V2\ZenoPay\Routes\userRoutes.js | D:\zenpay-V2\ZenoPay\scripts\seed-blog-data.js | D:\zenpay-V2\ZenoPay\Services\receiptPdfGenerator.js"
